,user_id,id,action_rating,technical_correctness,aesthetic_appeal,action_not_recognized,file_created_at,filename,gender,age,license,player_exp,coach_exp,watch_exp,saved_at
0,sude306,2bb7fafa-61da-43ff-aa7a-8bcc6a85b76d,2.0,6.0,2.0,False,2025-10-10 16:26:53,sude306_2bb7fafa-61da-43ff-aa7a-8bcc6a85b76d.json,,,,,,,
1,sude306,49817b46-95b8-4c8b-a28b-964a7a28620d,2.0,5.0,3.0,False,2025-10-10 16:55:33,sude306_49817b46-95b8-4c8b-a28b-964a7a28620d.json,,,,,,,
2,sude306,248cd903-7053-4335-8232-f0937b4632d8,2.0,5.0,2.0,False,2025-10-10 16:19:35,sude306_248cd903-7053-4335-8232-f0937b4632d8.json,,,,,,,
3,sude306,195a6610-549e-40dd-81c6-b85f8ac9e3a1,3.0,1.0,2.0,False,2025-10-10 16:10:09,sude306_195a6610-549e-40dd-81c6-b85f8ac9e3a1.json,,,,,,,
4,sude306,19a6d7f9-dee8-47a6-8b54-610e33a63c9e,3.0,4.0,4.0,False,2025-10-10 16:10:33,sude306_19a6d7f9-dee8-47a6-8b54-610e33a63c9e.json,,,,,,,
5,sude306,115292b6-5724-4cf0-89a4-cd3e85e499f7,4.0,2.0,3.0,False,2025-10-10 16:02:25,sude306_115292b6-5724-4cf0-89a4-cd3e85e499f7.json,,,,,,,
6,sude306,0f176a09-2259-4657-9b5e-ecd4a3aa4997,3.0,5.0,2.0,False,2025-10-10 16:01:18,sude306_0f176a09-2259-4657-9b5e-ecd4a3aa4997.json,,,,,,,
7,sude306,177878ad-a4a2-4cec-a249-77f17c4b9883,5.0,5.0,3.0,False,2025-10-10 16:07:17,sude306_177878ad-a4a2-4cec-a249-77f17c4b9883.json,,,,,,,
8,sude306,308a8197-63b8-416b-b660-b74f7bc5c843,2.0,5.0,2.0,False,2025-10-10 16:29:39,sude306_308a8197-63b8-416b-b660-b74f7bc5c843.json,,,,,,,
9,sude306,24a4305c-15ae-4531-8bbf-b6b52f43dcf5,,,,True,2025-10-10 16:20:44,sude306_24a4305c-15ae-4531-8bbf-b6b52f43dcf5.json,,,,,,,
10,sude306,08dda875-a335-4cf9-8bf8-33dd4917c5f6,3.0,5.0,3.0,False,2025-10-10 15:57:14,sude306_08dda875-a335-4cf9-8bf8-33dd4917c5f6.json,,,,,,,
11,sude306,4da3f9e8-dcb6-49b6-a6c5-5876b514def3,4.0,4.0,3.0,False,2025-10-10 16:58:18,sude306_4da3f9e8-dcb6-49b6-a6c5-5876b514def3.json,,,,,,,
12,sude306,375db4e0-2b16-4fb8-8afa-fc5387ea5b32,2.0,5.0,3.0,False,2025-10-10 16:35:59,sude306_375db4e0-2b16-4fb8-8afa-fc5387ea5b32.json,,,,,,,
13,sude306,3b02d611-4645-4f0e-9347-7c0177aee710,3.0,4.0,6.0,False,2025-10-10 16:39:28,sude306_3b02d611-4645-4f0e-9347-7c0177aee710.json,,,,,,,
14,sude306,18544f4c-0a1a-4f8c-9777-b51c90a2f77a,2.0,5.0,3.0,False,2025-10-10 16:08:53,sude306_18544f4c-0a1a-4f8c-9777-b51c90a2f77a.json,,,,,,,
15,sude306,27abc3b3-c4bf-4716-a7cc-80a3a02e63c8,3.0,2.0,4.0,False,2025-10-10 16:23:31,sude306_27abc3b3-c4bf-4716-a7cc-80a3a02e63c8.json,,,,,,,
16,sude306,08338578-be1f-4cc5-915b-f0afbd44d2e6,2.0,5.0,2.0,False,2025-10-10 15:56:40,sude306_08338578-be1f-4cc5-915b-f0afbd44d2e6.json,,,,,,,
17,sude306,4b0d7580-9348-4ec8-b4b7-5376cb39dd9a,4.0,1.0,2.0,False,2025-10-10 16:56:54,sude306_4b0d7580-9348-4ec8-b4b7-5376cb39dd9a.json,,,,,,,
18,sude306,1977632e-c5d2-46b3-8f18-4551c36dc784,2.0,5.0,2.0,False,2025-10-10 16:10:17,sude306_1977632e-c5d2-46b3-8f18-4551c36dc784.json,,,,,,,
19,sude306,1ccefe13-6cc6-4249-992b-21cc60d35eae,2.0,4.0,2.0,False,2025-10-10 16:12:12,sude306_1ccefe13-6cc6-4249-992b-21cc60d35eae.json,,,,,,,
20,sude306,430bad99-3ae4-44af-9440-e7861a2c87e1,2.0,4.0,3.0,False,2025-10-10 16:48:12,sude306_430bad99-3ae4-44af-9440-e7861a2c87e1.json,,,,,,,
21,sude306,42e4443e-9dc9-4fb7-80d4-9d784e0afca6,2.0,4.0,2.0,False,2025-10-10 16:47:44,sude306_42e4443e-9dc9-4fb7-80d4-9d784e0afca6.json,,,,,,,
22,sude306,37d3f839-1eb9-419f-9caa-c363766a935e,2.0,4.0,3.0,False,2025-10-10 16:36:12,sude306_37d3f839-1eb9-419f-9caa-c363766a935e.json,,,,,,,
23,sude306,3abfbc1d-1d37-45b1-9ec0-4181c8d3ea3a,4.0,1.0,3.0,False,2025-10-10 16:38:57,sude306_3abfbc1d-1d37-45b1-9ec0-4181c8d3ea3a.json,,,,,,,
24,sude306,21ba0674-8e8e-40d9-ae06-d1cd0d31729d,5.0,5.0,4.0,False,2025-10-10 16:16:15,sude306_21ba0674-8e8e-40d9-ae06-d1cd0d31729d.json,,,,,,,
25,sude306,2bbafa31-3f9e-48b3-8bd3-7c00b2e2097a,2.0,6.0,2.0,False,2025-10-10 16:27:05,sude306_2bbafa31-3f9e-48b3-8bd3-7c00b2e2097a.json,,,,,,,
26,sude306,311dca6a-96ff-4929-b547-5c5c04dcb384,2.0,3.0,4.0,False,2025-10-10 16:29:59,sude306_311dca6a-96ff-4929-b547-5c5c04dcb384.json,,,,,,,
27,h端an04,,,,,,2025-10-09 15:50:01,h端an04_20251009_155001.json,M,27,B,15,5,15,2025-10-09T15:50:01+02:00
28,h端an04,,,,,,2025-10-09 16:39:06,h端an04_20251009_163906.json,M,27,B,15,5,15,2025-10-09T16:39:06+02:00
29,sude306,21d14019-15c8-4ac3-8807-902f83cae8b1,2.0,4.0,2.0,False,2025-10-10 16:17:04,sude306_21d14019-15c8-4ac3-8807-902f83cae8b1.json,,,,,,,
30,sude306,12319dc4-817f-4187-816b-5fb1b8658922,3.0,4.0,2.0,False,2025-10-10 16:03:37,sude306_12319dc4-817f-4187-816b-5fb1b8658922.json,,,,,,,
31,sude306,115635e5-6418-4f06-aea6-16a8a238221b,4.0,1.0,2.0,False,2025-10-10 16:02:41,sude306_115635e5-6418-4f06-aea6-16a8a238221b.json,,,,,,,
32,sude306,515100f8-99c2-4e90-9d0b-eb1b526ed3fe,1.0,5.0,2.0,False,2025-10-10 17:01:50,sude306_515100f8-99c2-4e90-9d0b-eb1b526ed3fe.json,,,,,,,
33,sude306,32cca1c9-ac48-49c4-a3ad-4658db3afe2b,3.0,5.0,3.0,False,2025-10-10 16:31:54,sude306_32cca1c9-ac48-49c4-a3ad-4658db3afe2b.json,,,,,,,
34,sude306,3aafec6a-2925-42ed-8320-af1dd99276dd,,,,True,2025-10-10 16:38:19,sude306_3aafec6a-2925-42ed-8320-af1dd99276dd.json,,,,,,,
35,sude306,4ba24011-b54a-4650-81e5-2c6fa6176bd3,6.0,5.0,4.0,False,2025-10-10 16:57:08,sude306_4ba24011-b54a-4650-81e5-2c6fa6176bd3.json,,,,,,,
36,sude306,3ee6ddde-e29c-454e-a73a-a0901be075c2,3.0,1.0,3.0,False,2025-10-10 16:41:44,sude306_3ee6ddde-e29c-454e-a73a-a0901be075c2.json,,,,,,,
37,sude306,4fb6e3c7-7e8d-471c-97c0-a8103a6ec6ea,2.0,4.0,3.0,False,2025-10-10 17:00:49,sude306_4fb6e3c7-7e8d-471c-97c0-a8103a6ec6ea.json,,,,,,,
38,sude306,43d43b04-1a48-4bb8-a918-1c7da9ec5683,,,,True,2025-10-10 16:49:11,sude306_43d43b04-1a48-4bb8-a918-1c7da9ec5683.json,,,,,,,
39,sude306,07bf5da4-45cb-478f-a3f5-4167ec7f8c15,5.0,1.0,2.0,False,2025-10-10 15:56:12,sude306_07bf5da4-45cb-478f-a3f5-4167ec7f8c15.json,,,,,,,
40,sude306,47537e2a-4ca5-4dc5-a9a6-d89d6ff4bd1b,4.0,5.0,4.0,False,2025-10-10 16:53:31,sude306_47537e2a-4ca5-4dc5-a9a6-d89d6ff4bd1b.json,,,,,,,
41,sude306,2c5f0ba3-8ff1-4df9-b6cf-f92d734a56ff,2.0,1.0,1.0,False,2025-10-10 16:27:23,sude306_2c5f0ba3-8ff1-4df9-b6cf-f92d734a56ff.json,,,,,,,
42,sude306,1259568b-126e-4710-8312-b864500a3a32,2.0,4.0,2.0,False,2025-10-10 16:04:03,sude306_1259568b-126e-4710-8312-b864500a3a32.json,,,,,,,
43,sude306,0d9d8671-cfba-4fd4-97b9-519e92c1a418,3.0,3.0,2.0,False,2025-10-10 16:00:27,sude306_0d9d8671-cfba-4fd4-97b9-519e92c1a418.json,,,,,,,
44,sude306,468ab433-e2a3-4759-b78e-c77d53f3353f,3.0,5.0,2.0,False,2025-10-10 16:52:05,sude306_468ab433-e2a3-4759-b78e-c77d53f3353f.json,,,,,,,
45,sude306,1ae6de88-a3f9-42d1-8e76-6475d83487a3,2.0,2.0,2.0,False,2025-10-10 16:10:53,sude306_1ae6de88-a3f9-42d1-8e76-6475d83487a3.json,,,,,,,
46,sude306,0d125ebe-df1b-466d-a830-c9af43a2e85f,5.0,5.0,4.0,False,2025-10-10 15:59:38,sude306_0d125ebe-df1b-466d-a830-c9af43a2e85f.json,,,,,,,
47,sude306,12318d36-359d-4322-9b36-c4cf38935357,4.0,1.0,3.0,False,2025-10-10 16:02:58,sude306_12318d36-359d-4322-9b36-c4cf38935357.json,,,,,,,
48,sude306,2715fb07-32ec-4d48-9a40-31611cc31588,2.0,4.0,2.0,False,2025-10-10 16:22:16,sude306_2715fb07-32ec-4d48-9a40-31611cc31588.json,,,,,,,
49,sude306,2731f1d7-bb2d-496b-9183-dff2ecfdd60a,4.0,1.0,3.0,False,2025-10-10 16:22:46,sude306_2731f1d7-bb2d-496b-9183-dff2ecfdd60a.json,,,,,,,
50,sude306,2193da17-eaf7-4aae-bde5-0d67370a2161,2.0,5.0,2.0,False,2025-10-10 16:15:38,sude306_2193da17-eaf7-4aae-bde5-0d67370a2161.json,,,,,,,
51,sude306,03147b9c-cab0-427e-952a-0385f12384b0,4.0,4.0,3.0,False,2025-10-10 15:53:24,sude306_03147b9c-cab0-427e-952a-0385f12384b0.json,,,,,,,
52,sude306,367eecd4-3039-4da0-9a02-d206df8615c0,3.0,5.0,3.0,False,2025-10-10 16:35:07,sude306_367eecd4-3039-4da0-9a02-d206df8615c0.json,,,,,,,
53,sude306,1e10e42b-f8cf-482c-ab4a-e90d3d41285d,3.0,6.0,3.0,False,2025-10-10 16:13:25,sude306_1e10e42b-f8cf-482c-ab4a-e90d3d41285d.json,,,,,,,
54,sude306,182c9b97-c87e-4c84-b3dd-0589a95a0725,4.0,5.0,5.0,False,2025-10-10 16:08:45,sude306_182c9b97-c87e-4c84-b3dd-0589a95a0725.json,,,,,,,
55,sude306,2ce5d03c-e04f-4136-9ecc-af1c8fa196fc,2.0,5.0,2.0,False,2025-10-10 16:27:35,sude306_2ce5d03c-e04f-4136-9ecc-af1c8fa196fc.json,,,,,,,
56,sude306,00a4f736-d232-40a6-98dc-098f6c2b6287,1.0,4.0,2.0,False,2025-10-10 15:51:22,sude306_00a4f736-d232-40a6-98dc-098f6c2b6287.json,,,,,,,
57,sude306,47f0ccd3-ded8-4bb0-91e6-168e0188098d,,,,True,2025-10-10 16:53:54,sude306_47f0ccd3-ded8-4bb0-91e6-168e0188098d.json,,,,,,,
58,sude306,38f6075c-c64c-4e7a-887d-3e6823ff10fa,3.0,5.0,3.0,False,2025-10-10 16:37:04,sude306_38f6075c-c64c-4e7a-887d-3e6823ff10fa.json,,,,,,,
59,sude306,3a1178f2-75c8-4223-b762-ceadc7b459b0,2.0,5.0,2.0,False,2025-10-10 16:37:11,sude306_3a1178f2-75c8-4223-b762-ceadc7b459b0.json,,,,,,,
60,sude306,514b7b83-5cf7-4d21-953e-41fc955ce22b,3.0,1.0,2.0,False,2025-10-10 17:01:43,sude306_514b7b83-5cf7-4d21-953e-41fc955ce22b.json,,,,,,,
61,sude306,05dc2486-2927-4496-920e-fea84de317a6,1.0,4.0,2.0,False,2025-10-10 15:55:10,sude306_05dc2486-2927-4496-920e-fea84de317a6.json,,,,,,,
62,sude306,19413e4d-2682-4a68-9a63-8aad4524909b,,,,True,2025-10-10 16:09:55,sude306_19413e4d-2682-4a68-9a63-8aad4524909b.json,,,,,,,
63,sude306,48d162b1-31b3-4a12-94ef-6352baf46b69,,,,True,2025-10-10 16:54:39,sude306_48d162b1-31b3-4a12-94ef-6352baf46b69.json,,,,,,,
64,sude306,4d56dc23-380b-4926-bfc1-9223bb68127a,6.0,5.0,4.0,False,2025-10-10 16:57:50,sude306_4d56dc23-380b-4926-bfc1-9223bb68127a.json,,,,,,,
65,sude306,48771481-25d1-4dfa-945f-f7c6fd416ed9,4.0,2.0,2.0,False,2025-10-10 16:54:09,sude306_48771481-25d1-4dfa-945f-f7c6fd416ed9.json,,,,,,,
66,sude306,3ee645a8-8ac6-4b0d-9dff-ba8dae04b4c0,4.0,5.0,4.0,False,2025-10-10 16:41:30,sude306_3ee645a8-8ac6-4b0d-9dff-ba8dae04b4c0.json,,,,,,,
67,sude306,10c4e916-ded6-42fa-8215-3ce7f83f3049,3.0,5.0,2.0,False,2025-10-10 16:01:47,sude306_10c4e916-ded6-42fa-8215-3ce7f83f3049.json,,,,,,,
68,sude306,05a13046-4639-4f27-9b97-5d5a637d03de,3.0,5.0,2.0,False,2025-10-10 15:54:47,sude306_05a13046-4639-4f27-9b97-5d5a637d03de.json,,,,,,,
69,sude306,4460ea66-85fc-4df0-84da-f6966d8950b4,5.0,1.0,3.0,False,2025-10-10 16:49:45,sude306_4460ea66-85fc-4df0-84da-f6966d8950b4.json,,,,,,,
70,sude306,00a828df-d016-4646-ad90-ecf8a11bc400,3.0,6.0,2.0,False,2025-10-10 15:51:40,sude306_00a828df-d016-4646-ad90-ecf8a11bc400.json,,,,,,,
71,sude306,0144e7e9-13a7-48aa-9bb3-6e8953760616,2.0,3.0,2.0,False,2025-10-10 15:52:54,sude306_0144e7e9-13a7-48aa-9bb3-6e8953760616.json,,,,,,,
72,sude306,4259ff44-37c4-4998-9f3d-d65d10e6ff9a,2.0,5.0,3.0,False,2025-10-10 16:47:23,sude306_4259ff44-37c4-4998-9f3d-d65d10e6ff9a.json,,,,,,,
73,sude306,1ce589cb-caf9-4769-9bb9-e7f4ea67af59,3.0,3.0,3.0,False,2025-10-10 16:12:39,sude306_1ce589cb-caf9-4769-9bb9-e7f4ea67af59.json,,,,,,,
74,sude306,2ea42da7-6543-4319-8247-13af2febfc7f,2.0,4.0,2.0,False,2025-10-10 16:27:53,sude306_2ea42da7-6543-4319-8247-13af2febfc7f.json,,,,,,,
75,sude306,2107cee0-af88-4545-8c67-5631098d3f99,2.0,4.0,2.0,False,2025-10-10 16:14:46,sude306_2107cee0-af88-4545-8c67-5631098d3f99.json,,,,,,,
76,sude306,2b6117b2-807d-4fc9-903b-e7033743eb6c,2.0,4.0,2.0,False,2025-10-10 16:26:27,sude306_2b6117b2-807d-4fc9-903b-e7033743eb6c.json,,,,,,,
77,sude306,16854bf7-34eb-45c4-88b2-2e5262a12194,4.0,5.0,2.0,False,2025-10-10 16:06:39,sude306_16854bf7-34eb-45c4-88b2-2e5262a12194.json,,,,,,,
78,sude306,1c68b3a0-46a7-448e-83fe-2f8574121402,3.0,5.0,3.0,False,2025-10-10 16:12:04,sude306_1c68b3a0-46a7-448e-83fe-2f8574121402.json,,,,,,,
79,sude306,077f55f3-13bf-4dd1-a9fc-6fee207bbe26,2.0,5.0,2.0,False,2025-10-10 15:55:53,sude306_077f55f3-13bf-4dd1-a9fc-6fee207bbe26.json,,,,,,,
80,sude306,0c12b967-ca3e-4fee-8b94-f75621a19210,2.0,3.0,2.0,False,2025-10-10 15:59:12,sude306_0c12b967-ca3e-4fee-8b94-f75621a19210.json,,,,,,,
81,sude306,3735dba9-09a5-4038-a412-f492613cc284,3.0,5.0,2.0,False,2025-10-10 16:35:37,sude306_3735dba9-09a5-4038-a412-f492613cc284.json,,,,,,,
82,sude306,4bedc6ec-e680-4aff-ac60-c2857b7693aa,2.0,5.0,2.0,False,2025-10-10 16:57:29,sude306_4bedc6ec-e680-4aff-ac60-c2857b7693aa.json,,,,,,,
83,sude306,21d078f7-94e4-4ab9-976c-965d1b8ce7b0,7.0,6.0,6.0,False,2025-10-10 16:16:55,sude306_21d078f7-94e4-4ab9-976c-965d1b8ce7b0.json,,,,,,,
84,sude306,507cfd67-742b-4a12-93ae-519fccaeb672,1.0,5.0,2.0,False,2025-10-10 17:01:08,sude306_507cfd67-742b-4a12-93ae-519fccaeb672.json,,,,,,,
85,sude306,14f8389f-c570-41fc-beb0-f5c876b23416,,,,True,2025-10-10 16:06:20,sude306_14f8389f-c570-41fc-beb0-f5c876b23416.json,,,,,,,
86,sude306,,,,,,2025-10-10 15:50:47,sude306_20251010_155047.json,M,24,B,20,1,18,2025-10-10T15:50:47+02:00
87,sude306,4f8ac36d-1aee-4b9f-844e-07477da09f0c,1.0,5.0,3.0,False,2025-10-10 16:59:29,sude306_4f8ac36d-1aee-4b9f-844e-07477da09f0c.json,,,,,,,
88,sude306,4f6f3ca9-5f16-4854-adf2-3124233fd9fe,6.0,2.0,3.0,False,2025-10-10 16:59:19,sude306_4f6f3ca9-5f16-4854-adf2-3124233fd9fe.json,,,,,,,
89,sude306,50d9548a-50a3-49e0-a5dd-45519e540507,3.0,5.0,2.0,False,2025-10-10 17:01:20,sude306_50d9548a-50a3-49e0-a5dd-45519e540507.json,,,,,,,
90,sude306,472a6f5f-860b-4d5e-a285-f2ea04ef4da8,4.0,3.0,4.0,False,2025-10-10 16:52:14,sude306_472a6f5f-860b-4d5e-a285-f2ea04ef4da8.json,,,,,,,
91,sude306,4eac8342-30d9-4690-bde2-562728ae1287,4.0,2.0,4.0,False,2025-10-10 16:59:02,sude306_4eac8342-30d9-4690-bde2-562728ae1287.json,,,,,,,
92,sude306,3cd1178d-526a-407c-a29d-3aa90e710efb,2.0,4.0,3.0,False,2025-10-10 16:40:17,sude306_3cd1178d-526a-407c-a29d-3aa90e710efb.json,,,,,,,
93,sude306,14d36e5f-9625-427b-8308-f60690cbba1a,2.0,5.0,2.0,False,2025-10-10 16:06:00,sude306_14d36e5f-9625-427b-8308-f60690cbba1a.json,,,,,,,
94,sude306,3b2f5c52-29e5-471d-8adb-29e109e39427,5.0,6.0,6.0,False,2025-10-10 16:40:01,sude306_3b2f5c52-29e5-471d-8adb-29e109e39427.json,,,,,,,
95,sude306,494ecfcb-d15a-4f79-b4e3-5a55d68c949f,5.0,2.0,4.0,False,2025-10-10 16:55:17,sude306_494ecfcb-d15a-4f79-b4e3-5a55d68c949f.json,,,,,,,
96,sude306,4217777e-eb73-4179-af48-2ca97e1386e1,2.0,1.0,2.0,False,2025-10-10 16:46:53,sude306_4217777e-eb73-4179-af48-2ca97e1386e1.json,,,,,,,
97,sude306,28d5af47-0cb6-4811-a7e6-4d8eb23d48d3,2.0,6.0,4.0,False,2025-10-10 16:24:51,sude306_28d5af47-0cb6-4811-a7e6-4d8eb23d48d3.json,,,,,,,
98,sude306,23eac605-1d2d-4718-b69f-af8f409056b7,3.0,5.0,2.0,False,2025-10-10 16:18:41,sude306_23eac605-1d2d-4718-b69f-af8f409056b7.json,,,,,,,
99,sude306,283ef6cd-cae1-4902-ba3b-4a7c4ba97eba,2.0,2.0,2.0,False,2025-10-10 16:23:43,sude306_283ef6cd-cae1-4902-ba3b-4a7c4ba97eba.json,,,,,,,
100,sude306,34cbb370-5502-41c8-b1e1-b9c85d05aa46,1.0,1.0,1.0,False,2025-10-10 16:33:10,sude306_34cbb370-5502-41c8-b1e1-b9c85d05aa46.json,,,,,,,
101,sude306,1ce08f01-1b71-4232-97a5-807dc718a9d4,2.0,5.0,3.0,False,2025-10-10 16:12:22,sude306_1ce08f01-1b71-4232-97a5-807dc718a9d4.json,,,,,,,
102,sude306,13289dba-a220-46cc-ad6b-2335859c8a90,4.0,3.0,2.0,False,2025-10-10 16:04:57,sude306_13289dba-a220-46cc-ad6b-2335859c8a90.json,,,,,,,
103,sude306,013f602c-d26f-4a9d-8f69-2aa59aa3dd80,2.0,3.0,3.0,False,2025-10-10 15:52:44,sude306_013f602c-d26f-4a9d-8f69-2aa59aa3dd80.json,,,,,,,
104,sude306,01a4fa7b-e8ee-4c1b-b9c0-87bdaf7b78ea,2.0,2.0,2.0,False,2025-10-10 15:53:10,sude306_01a4fa7b-e8ee-4c1b-b9c0-87bdaf7b78ea.json,,,,,,,
105,sude306,1fafeb3d-f35e-47bc-ba7b-bcb47e14500b,3.0,5.0,2.0,False,2025-10-10 16:14:30,sude306_1fafeb3d-f35e-47bc-ba7b-bcb47e14500b.json,,,,,,,
106,sude306,38dccd90-ba1b-4ce8-b07d-303cc461c85b,2.0,4.0,2.0,False,2025-10-10 16:36:56,sude306_38dccd90-ba1b-4ce8-b07d-303cc461c85b.json,,,,,,,
107,sude306,1823ce29-0116-4b26-b42f-05029a8a218c,2.0,3.0,3.0,False,2025-10-10 16:08:03,sude306_1823ce29-0116-4b26-b42f-05029a8a218c.json,,,,,,,
108,sude306,3fa1f6bf-4946-40c3-b9de-9d7ad24accf8,2.0,6.0,2.0,False,2025-10-10 16:42:52,sude306_3fa1f6bf-4946-40c3-b9de-9d7ad24accf8.json,,,,,,,
109,uwka29,,,,,,2025-10-09 11:40:48,uwka29_20251009_114048.json,M,29	,Not specified,25,1,20,2025-10-09T11:40:48+02:00
110,sude306,467d809f-cfa0-4f69-8b49-87c976cfb107,3.0,1.0,3.0,False,2025-10-10 16:51:56,sude306_467d809f-cfa0-4f69-8b49-87c976cfb107.json,,,,,,,
111,sude306,18938ff8-48c0-4852-9c51-e52b6f043c63,3.0,5.0,3.0,False,2025-10-10 16:09:05,sude306_18938ff8-48c0-4852-9c51-e52b6f043c63.json,,,,,,,
112,sude306,0a9c032f-abc4-4769-a5a7-c1a7bf349592,3.0,3.0,3.0,False,2025-10-10 15:58:32,sude306_0a9c032f-abc4-4769-a5a7-c1a7bf349592.json,,,,,,,
113,sude306,2ed7f71b-4d5e-4082-9a5b-5bf80bb8629e,2.0,5.0,2.0,False,2025-10-10 16:28:01,sude306_2ed7f71b-4d5e-4082-9a5b-5bf80bb8629e.json,,,,,,,
114,sude306,2490eaac-6d6d-4194-906d-b5c312ccd5d2,2.0,1.0,3.0,False,2025-10-10 16:19:55,sude306_2490eaac-6d6d-4194-906d-b5c312ccd5d2.json,,,,,,,
115,sude306,32150da2-a557-48af-a813-cb4e838c8797,2.0,1.0,2.0,False,2025-10-10 16:31:01,sude306_32150da2-a557-48af-a813-cb4e838c8797.json,,,,,,,
116,sude306,40abc2d9-5aaf-41d0-b323-f23afb68ad28,1.0,5.0,3.0,False,2025-10-10 16:44:02,sude306_40abc2d9-5aaf-41d0-b323-f23afb68ad28.json,,,,,,,
117,sude306,4d82d50f-afa8-4c37-9ec5-a45b56e56c3c,1.0,2.0,3.0,False,2025-10-10 16:58:05,sude306_4d82d50f-afa8-4c37-9ec5-a45b56e56c3c.json,,,,,,,
118,sude306,2f7b4b20-222a-4c16-9945-3065c623531a,4.0,1.0,2.0,False,2025-10-10 16:28:56,sude306_2f7b4b20-222a-4c16-9945-3065c623531a.json,,,,,,,
119,sude306,2491642d-15c2-4c0d-9661-17d0d5394239,,,,True,2025-10-10 16:20:32,sude306_2491642d-15c2-4c0d-9661-17d0d5394239.json,,,,,,,
120,sude306,3c962fe2-0ad6-44f9-a629-366e0cab1750,4.0,5.0,5.0,False,2025-10-10 16:40:09,sude306_3c962fe2-0ad6-44f9-a629-366e0cab1750.json,,,,,,,
121,sude306,2fd82153-ca72-47d7-ae77-4454b04df039,,,,True,2025-10-10 16:29:17,sude306_2fd82153-ca72-47d7-ae77-4454b04df039.json,,,,,,,
122,sude306,2f407d8f-9459-4f5f-a676-8689200bb0ee,3.0,5.0,3.0,False,2025-10-10 16:28:36,sude306_2f407d8f-9459-4f5f-a676-8689200bb0ee.json,,,,,,,
123,sude306,3a320679-6aed-4dab-8052-4697bd9d0d18,2.0,5.0,3.0,False,2025-10-10 16:37:25,sude306_3a320679-6aed-4dab-8052-4697bd9d0d18.json,,,,,,,
124,sude306,2a9b3661-2b68-4ad9-9944-6daa2642c2fe,,,,True,2025-10-10 16:25:48,sude306_2a9b3661-2b68-4ad9-9944-6daa2642c2fe.json,,,,,,,
125,sude306,10736c36-efe4-49eb-affc-161aacf59c87,2.0,5.0,2.0,False,2025-10-10 16:01:26,sude306_10736c36-efe4-49eb-affc-161aacf59c87.json,,,,,,,
126,sude306,18e6667e-fad1-4ff3-bdfb-768383dca33e,5.0,2.0,4.0,False,2025-10-10 16:09:27,sude306_18e6667e-fad1-4ff3-bdfb-768383dca33e.json,,,,,,,
127,sude306,28662dd5-53c1-4481-9e33-70a6b4b3c871,,,,True,2025-10-10 16:24:20,sude306_28662dd5-53c1-4481-9e33-70a6b4b3c871.json,,,,,,,
128,sude306,1e19d68e-6543-42ef-aa65-ceab3ed1fc93,2.0,5.0,2.0,False,2025-10-10 16:13:39,sude306_1e19d68e-6543-42ef-aa65-ceab3ed1fc93.json,,,,,,,
129,sude306,3fc92cea-a4aa-4a0b-b05e-b553a6afa6f5,2.0,4.0,3.0,False,2025-10-10 16:43:16,sude306_3fc92cea-a4aa-4a0b-b05e-b553a6afa6f5.json,,,,,,,
130,sude306,3eee5802-db7d-4a90-a00a-d9255c99d7ea,2.0,5.0,2.0,False,2025-10-10 16:41:53,sude306_3eee5802-db7d-4a90-a00a-d9255c99d7ea.json,,,,,,,
131,sude306,1e5bc42c-b3e2-42d5-ad62-dd8697f284cf,3.0,5.0,2.0,False,2025-10-10 16:14:24,sude306_1e5bc42c-b3e2-42d5-ad62-dd8697f284cf.json,,,,,,,
132,sude306,4a91f451-a1f5-4307-acde-4c5cabb9e0ab,,,,True,2025-10-10 16:55:57,sude306_4a91f451-a1f5-4307-acde-4c5cabb9e0ab.json,,,,,,,
133,sude306,4660af4b-c3b4-43e6-a9ab-c7039f235de7,3.0,5.0,3.0,False,2025-10-10 16:50:52,sude306_4660af4b-c3b4-43e6-a9ab-c7039f235de7.json,,,,,,,
134,sude306,33f701c4-276e-4965-921e-0dd43c97e0e3,2.0,5.0,2.0,False,2025-10-10 16:32:41,sude306_33f701c4-276e-4965-921e-0dd43c97e0e3.json,,,,,,,
135,sude306,4db00225-7993-4835-b56b-7357eab6e235,2.0,4.0,3.0,False,2025-10-10 16:58:34,sude306_4db00225-7993-4835-b56b-7357eab6e235.json,,,,,,,
136,sude306,0cc5852c-b3cd-4e1c-8e2c-5ea205494d62,1.0,5.0,2.0,False,2025-10-10 15:59:23,sude306_0cc5852c-b3cd-4e1c-8e2c-5ea205494d62.json,,,,,,,
137,sude306,4567e310-ced2-4b54-a880-f1aad441843e,2.0,5.0,2.0,False,2025-10-10 16:50:39,sude306_4567e310-ced2-4b54-a880-f1aad441843e.json,,,,,,,
138,sude306,0d1a2fdc-02f5-4c48-9760-383f942ac995,5.0,1.0,3.0,False,2025-10-10 15:59:57,sude306_0d1a2fdc-02f5-4c48-9760-383f942ac995.json,,,,,,,
139,sude306,00bab91d-3d8f-40f9-a69c-3954be784ea9,2.0,5.0,2.0,False,2025-10-10 15:52:04,sude306_00bab91d-3d8f-40f9-a69c-3954be784ea9.json,,,,,,,
140,sude306,32e05d2b-faba-43f5-9023-755b27b2830c,2.0,4.0,4.0,False,2025-10-10 16:32:14,sude306_32e05d2b-faba-43f5-9023-755b27b2830c.json,,,,,,,
141,sude306,21859f03-ac07-452e-a57a-1a322819661d,2.0,5.0,2.0,False,2025-10-10 16:15:08,sude306_21859f03-ac07-452e-a57a-1a322819661d.json,,,,,,,
142,sude306,32e30b26-3b16-4f14-a419-4e670662b336,2.0,4.0,2.0,False,2025-10-10 16:32:29,sude306_32e30b26-3b16-4f14-a419-4e670662b336.json,,,,,,,
143,sude306,27713248-88d9-437d-aa8b-126e4732bd47,2.0,2.0,2.0,False,2025-10-10 16:23:08,sude306_27713248-88d9-437d-aa8b-126e4732bd47.json,,,,,,,
144,sude306,357f27fe-fcbe-440f-9f10-552fb31110c8,2.0,3.0,2.0,False,2025-10-10 16:33:43,sude306_357f27fe-fcbe-440f-9f10-552fb31110c8.json,,,,,,,
145,sude306,0130706a-5414-476f-a54f-b9ba73a02c6c,2.0,4.0,2.0,False,2025-10-10 15:52:21,sude306_0130706a-5414-476f-a54f-b9ba73a02c6c.json,,,,,,,
146,sude306,4202c5f8-96a8-4699-9f0c-f9d69d5bdb3d,3.0,1.0,2.0,False,2025-10-10 16:46:42,sude306_4202c5f8-96a8-4699-9f0c-f9d69d5bdb3d.json,,,,,,,
147,sude306,371f87b7-b420-4cf9-a972-eb850f4a8494,2.0,5.0,2.0,False,2025-10-10 16:35:31,sude306_371f87b7-b420-4cf9-a972-eb850f4a8494.json,,,,,,,
148,sude306,26143da5-fd14-4b50-8e38-538235d6c4dd,2.0,5.0,2.0,False,2025-10-10 16:21:19,sude306_26143da5-fd14-4b50-8e38-538235d6c4dd.json,,,,,,,
149,sude306,47319fb8-fe60-425c-aa19-fff20f9525fc,2.0,5.0,2.0,False,2025-10-10 16:52:40,sude306_47319fb8-fe60-425c-aa19-fff20f9525fc.json,,,,,,,
150,sude306,15f2f0ed-eae1-4298-95f0-2dccf65406d0,,,,True,2025-10-10 16:06:31,sude306_15f2f0ed-eae1-4298-95f0-2dccf65406d0.json,,,,,,,
151,sude306,4fab1435-c318-4ccd-abbf-6b6b7d758ec5,2.0,3.0,3.0,False,2025-10-10 17:00:27,sude306_4fab1435-c318-4ccd-abbf-6b6b7d758ec5.json,,,,,,,
152,sude306,219904d6-a665-4e65-88bb-decd8ee646bc,2.0,4.0,2.0,False,2025-10-10 16:16:04,sude306_219904d6-a665-4e65-88bb-decd8ee646bc.json,,,,,,,
153,sude306,4fa78867-2acf-46bc-aa4e-269db7abb21e,,,,True,2025-10-10 17:00:01,sude306_4fa78867-2acf-46bc-aa4e-269db7abb21e.json,,,,,,,
154,sude306,127365c0-4b17-4abe-b282-7fecff4ad29e,3.0,5.0,2.0,False,2025-10-10 16:04:24,sude306_127365c0-4b17-4abe-b282-7fecff4ad29e.json,,,,,,,
155,sude306,293b66eb-54f3-47a1-a813-2fcdc62dfd04,2.0,5.0,2.0,False,2025-10-10 16:25:18,sude306_293b66eb-54f3-47a1-a813-2fcdc62dfd04.json,,,,,,,
156,sude306,2d88247c-d129-448e-bd3f-fed4d0df06f6,2.0,5.0,2.0,False,2025-10-10 16:27:44,sude306_2d88247c-d129-448e-bd3f-fed4d0df06f6.json,,,,,,,
157,sude306,1d0f844e-3359-4d3e-a4b7-7c802acd2c75,4.0,1.0,2.0,False,2025-10-10 16:13:04,sude306_1d0f844e-3359-4d3e-a4b7-7c802acd2c75.json,,,,,,,
158,sude306,4ab4c59f-6708-45b7-bc23-1709da373fad,1.0,6.0,2.0,False,2025-10-10 16:56:20,sude306_4ab4c59f-6708-45b7-bc23-1709da373fad.json,,,,,,,
159,sude306,205e880f-0caf-4c82-a3db-6d64c4b0f951,4.0,4.0,4.0,False,2025-10-10 16:14:36,sude306_205e880f-0caf-4c82-a3db-6d64c4b0f951.json,,,,,,,
160,sude306,0bde5656-1e59-4343-91c0-b2f01a170c61,6.0,4.0,5.0,False,2025-10-10 15:58:56,sude306_0bde5656-1e59-4343-91c0-b2f01a170c61.json,,,,,,,
161,sude306,14301bb2-e628-4819-a528-7656eba41f2d,6.0,6.0,6.0,False,2025-10-10 16:05:52,sude306_14301bb2-e628-4819-a528-7656eba41f2d.json,,,,,,,
162,sude306,1bd0b2ea-7753-4d22-95cb-9e166754ae5e,3.0,2.0,2.0,False,2025-10-10 16:11:52,sude306_1bd0b2ea-7753-4d22-95cb-9e166754ae5e.json,,,,,,,
163,sude306,13935d44-d0e0-45b6-8b80-35dd43644b16,3.0,5.0,4.0,False,2025-10-10 16:05:18,sude306_13935d44-d0e0-45b6-8b80-35dd43644b16.json,,,,,,,
164,sude306,3db035ec-b563-4d99-a953-03423b00e26b,2.0,5.0,2.0,False,2025-10-10 16:40:46,sude306_3db035ec-b563-4d99-a953-03423b00e26b.json,,,,,,,
165,sude306,307db2bf-d8f1-4e19-bc07-3f152dc001c8,4.0,3.0,3.0,False,2025-10-10 16:29:32,sude306_307db2bf-d8f1-4e19-bc07-3f152dc001c8.json,,,,,,,
166,sude306,074c7186-64da-470b-9f69-e12ac3363f1f,2.0,5.0,2.0,False,2025-10-10 15:55:43,sude306_074c7186-64da-470b-9f69-e12ac3363f1f.json,,,,,,,
167,sude306,21f2c0e6-2b01-4d84-bf7a-06294c9593bb,3.0,1.0,2.0,False,2025-10-10 16:17:25,sude306_21f2c0e6-2b01-4d84-bf7a-06294c9593bb.json,,,,,,,
168,sude306,3cf4dcfc-611b-49b9-b10b-0e4ce43619ca,2.0,5.0,3.0,False,2025-10-10 16:40:26,sude306_3cf4dcfc-611b-49b9-b10b-0e4ce43619ca.json,,,,,,,
169,sude306,0663e9d2-4a6f-45ce-9937-b17d3cb4680b,2.0,4.0,2.0,False,2025-10-10 15:55:23,sude306_0663e9d2-4a6f-45ce-9937-b17d3cb4680b.json,,,,,,,
170,sude306,41f480a8-7ada-4762-a854-f04d5f9dc97f,4.0,6.0,3.0,False,2025-10-10 16:45:53,sude306_41f480a8-7ada-4762-a854-f04d5f9dc97f.json,,,,,,,
171,sude306,0ee96f6c-fbcf-45e2-bba2-b9de1ed16a0a,3.0,5.0,2.0,False,2025-10-10 16:01:01,sude306_0ee96f6c-fbcf-45e2-bba2-b9de1ed16a0a.json,,,,,,,
172,sude306,0838d1c0-90ed-4911-994d-389cf2c59d59,2.0,4.0,2.0,False,2025-10-10 15:56:58,sude306_0838d1c0-90ed-4911-994d-389cf2c59d59.json,,,,,,,
173,sude306,097269ca-b283-48c6-939f-3dcf5e38465e,4.0,4.0,3.0,False,2025-10-10 15:57:32,sude306_097269ca-b283-48c6-939f-3dcf5e38465e.json,,,,,,,
174,sude306,3a736ac8-fc3f-4b08-9899-f031da49961e,4.0,5.0,3.0,False,2025-10-10 16:37:40,sude306_3a736ac8-fc3f-4b08-9899-f031da49961e.json,,,,,,,
175,sude306,2674394a-d340-4542-8826-da3b3b7b463d,2.0,3.0,2.0,False,2025-10-10 16:21:35,sude306_2674394a-d340-4542-8826-da3b3b7b463d.json,,,,,,,
176,sude306,3131e4d4-8e0b-4fe5-a8d3-41b057ed704f,,,,True,2025-10-10 16:30:05,sude306_3131e4d4-8e0b-4fe5-a8d3-41b057ed704f.json,,,,,,,
177,sude306,3f9ba3a4-73d6-49ea-9dec-d9e55a70e09a,2.0,1.0,2.0,False,2025-10-10 16:42:45,sude306_3f9ba3a4-73d6-49ea-9dec-d9e55a70e09a.json,,,,,,,
178,sude306,0d7d45bd-1bed-47d3-bc3b-df00afb719d9,4.0,5.0,3.0,False,2025-10-10 16:00:10,sude306_0d7d45bd-1bed-47d3-bc3b-df00afb719d9.json,,,,,,,
179,sude306,17b2e41e-39b4-4fe7-adb7-911f19208bbf,4.0,5.0,5.0,False,2025-10-10 16:07:32,sude306_17b2e41e-39b4-4fe7-adb7-911f19208bbf.json,,,,,,,
180,sude306,4551d43c-77cf-4878-b31d-521f969cec18,4.0,5.0,4.0,False,2025-10-10 16:50:29,sude306_4551d43c-77cf-4878-b31d-521f969cec18.json,,,,,,,
181,sude306,2175be5f-b4a2-4c82-8ce0-af41f21e2fec,2.0,5.0,2.0,False,2025-10-10 16:14:57,sude306_2175be5f-b4a2-4c82-8ce0-af41f21e2fec.json,,,,,,,
182,sude306,1825ae32-ef67-47c1-ae27-41f037b541a0,3.0,5.0,3.0,False,2025-10-10 16:08:21,sude306_1825ae32-ef67-47c1-ae27-41f037b541a0.json,,,,,,,
183,pecl14,,,,,,2025-10-09 09:54:39,pecl14_20251009_095439.json,M,22,B,16,3,9,2025-10-09T09:54:39+02:00
184,sude306,03d93038-3df3-41a7-a89b-71eeeed5ddbe,2.0,2.0,3.0,False,2025-10-10 15:54:07,sude306_03d93038-3df3-41a7-a89b-71eeeed5ddbe.json,,,,,,,
185,maan24,,,,,,2025-10-09 13:34:51,maan24_20251009_133451.json,Not specified,23,None,18,0,17,2025-10-09T13:34:51+02:00
186,sude306,31cfb839-499b-40b0-a702-452aa8a745ac,2.0,5.0,2.0,False,2025-10-10 16:30:30,sude306_31cfb839-499b-40b0-a702-452aa8a745ac.json,,,,,,,
187,sude306,2ad65471-9402-49ca-bd7c-8a8db606757c,2.0,5.0,3.0,False,2025-10-10 16:26:19,sude306_2ad65471-9402-49ca-bd7c-8a8db606757c.json,,,,,,,
188,sude306,140b1910-cc03-475d-8fdf-9191d10f21b7,2.0,5.0,3.0,False,2025-10-10 16:05:33,sude306_140b1910-cc03-475d-8fdf-9191d10f21b7.json,,,,,,,
189,sude306,47d8ba2f-e994-4ae4-9ed2-492a2d320cb5,4.0,5.0,3.0,False,2025-10-10 16:53:38,sude306_47d8ba2f-e994-4ae4-9ed2-492a2d320cb5.json,,,,,,,
190,sude306,081c69c6-1151-4205-9ee8-3d520c22f890,4.0,1.0,1.0,False,2025-10-10 15:56:29,sude306_081c69c6-1151-4205-9ee8-3d520c22f890.json,,,,,,,
191,sude306,0ef6cf57-e6e9-4193-8172-9e1914cbd707,4.0,4.0,3.0,False,2025-10-10 16:01:09,sude306_0ef6cf57-e6e9-4193-8172-9e1914cbd707.json,,,,,,,
192,sude306,4663e026-02b5-47d1-877c-1ed1f770f8dd,5.0,1.0,3.0,False,2025-10-10 16:51:28,sude306_4663e026-02b5-47d1-877c-1ed1f770f8dd.json,,,,,,,
193,sude306,1b9acba4-89ac-46d9-848a-871f3b79cab3,2.0,2.0,2.0,False,2025-10-10 16:11:43,sude306_1b9acba4-89ac-46d9-848a-871f3b79cab3.json,,,,,,,
194,sude306,3d548ac2-5050-48ce-b42c-8bf5f367130d,2.0,5.0,2.0,False,2025-10-10 16:40:38,sude306_3d548ac2-5050-48ce-b42c-8bf5f367130d.json,,,,,,,
195,sude306,28891d8c-6887-4acd-bdd5-bf9508183998,2.0,6.0,3.0,False,2025-10-10 16:24:32,sude306_28891d8c-6887-4acd-bdd5-bf9508183998.json,,,,,,,
196,sude306,46621839-c438-4ef5-a923-4c6a0b2a5bba,2.0,4.0,2.0,False,2025-10-10 16:51:15,sude306_46621839-c438-4ef5-a923-4c6a0b2a5bba.json,,,,,,,
197,sude306,2779fa16-8303-41c2-a0a8-ac29cbbc7705,3.0,5.0,4.0,False,2025-10-10 16:23:18,sude306_2779fa16-8303-41c2-a0a8-ac29cbbc7705.json,,,,,,,
198,sude306,1b069d38-9700-4de9-a7f3-053ee456457e,2.0,5.0,2.0,False,2025-10-10 16:11:04,sude306_1b069d38-9700-4de9-a7f3-053ee456457e.json,,,,,,,
199,sude306,4e89a2c1-07f1-41b3-8d70-a720c6b82bd1,5.0,1.0,3.0,False,2025-10-10 16:58:47,sude306_4e89a2c1-07f1-41b3-8d70-a720c6b82bd1.json,,,,,,,
200,sude306,22f309c2-7fd0-40fa-a2ad-12aa43d9640c,4.0,2.0,3.0,False,2025-10-10 16:18:24,sude306_22f309c2-7fd0-40fa-a2ad-12aa43d9640c.json,,,,,,,
201,sude306,4fe9f63f-60c1-4215-8397-1c9119c87dc1,3.0,4.0,2.0,False,2025-10-10 17:01:01,sude306_4fe9f63f-60c1-4215-8397-1c9119c87dc1.json,,,,,,,
202,sude306,0378a33f-bb94-4ee3-95b1-f48184c0d2ac,2.0,5.0,2.0,False,2025-10-10 15:53:41,sude306_0378a33f-bb94-4ee3-95b1-f48184c0d2ac.json,,,,,,,
203,sude306,41efcec4-da5e-4467-a66a-832504cc3bd6,4.0,5.0,6.0,False,2025-10-10 16:45:17,sude306_41efcec4-da5e-4467-a66a-832504cc3bd6.json,,,,,,,
204,sude306,32212941-0590-423e-90ad-e759a4b6b836,2.0,4.0,2.0,False,2025-10-10 16:31:09,sude306_32212941-0590-423e-90ad-e759a4b6b836.json,,,,,,,
205,sude306,17e199a1-9ded-40a9-abf8-1a3c71372c89,3.0,2.0,5.0,False,2025-10-10 16:07:48,sude306_17e199a1-9ded-40a9-abf8-1a3c71372c89.json,,,,,,,
206,sude306,3e6cf9b6-d4aa-481e-833b-1136e860f5e8,1.0,1.0,1.0,False,2025-10-10 16:41:19,sude306_3e6cf9b6-d4aa-481e-833b-1136e860f5e8.json,,,,,,,
207,sude306,1b4d3bb6-c805-40ae-9cd8-2dae4b569914,,,,True,2025-10-10 16:11:17,sude306_1b4d3bb6-c805-40ae-9cd8-2dae4b569914.json,,,,,,,
208,sude306,098b2bc7-a4c2-4567-a1a8-cc64f39431f7,2.0,4.0,2.0,False,2025-10-10 15:57:53,sude306_098b2bc7-a4c2-4567-a1a8-cc64f39431f7.json,,,,,,,
209,sude306,362d80fb-fbe8-486e-85fa-9cc283efe095,6.0,5.0,5.0,False,2025-10-10 16:34:21,sude306_362d80fb-fbe8-486e-85fa-9cc283efe095.json,,,,,,,
210,sude306,4546fcdf-6093-4de3-9936-e3988af7f7d3,2.0,4.0,2.0,False,2025-10-10 16:50:10,sude306_4546fcdf-6093-4de3-9936-e3988af7f7d3.json,,,,,,,
211,sude306,4c8ebf18-0b48-4529-af84-806fff105487,3.0,6.0,2.0,False,2025-10-10 16:57:39,sude306_4c8ebf18-0b48-4529-af84-806fff105487.json,,,,,,,
212,sude306,419d7929-4f57-46d6-85ee-b419710d469b,5.0,1.0,4.0,False,2025-10-10 16:44:48,sude306_419d7929-4f57-46d6-85ee-b419710d469b.json,,,,,,,
213,sude306,3868e374-ef49-4461-8c21-d722ed95295c,2.0,3.0,2.0,False,2025-10-10 16:36:20,sude306_3868e374-ef49-4461-8c21-d722ed95295c.json,,,,,,,
214,sude306,3f0edd15-4065-4c29-9209-88955502ce55,2.0,5.0,2.0,False,2025-10-10 16:42:29,sude306_3f0edd15-4065-4c29-9209-88955502ce55.json,,,,,,,
215,sude306,225f5445-9152-425a-b59c-04ae9d27b371,2.0,5.0,2.0,False,2025-10-10 16:17:59,sude306_225f5445-9152-425a-b59c-04ae9d27b371.json,,,,,,,
216,sude306,40027f97-e549-465b-a542-c11111ba56c5,2.0,4.0,2.0,False,2025-10-10 16:43:26,sude306_40027f97-e549-465b-a542-c11111ba56c5.json,,,,,,,
217,sude306,256de205-4c72-4a33-a4aa-a2e3440eac4f,3.0,2.0,3.0,False,2025-10-10 16:21:09,sude306_256de205-4c72-4a33-a4aa-a2e3440eac4f.json,,,,,,,
218,sude306,473d3568-637e-423b-9b78-b9ed4c2366c5,3.0,5.0,3.0,False,2025-10-10 16:52:56,sude306_473d3568-637e-423b-9b78-b9ed4c2366c5.json,,,,,,,
219,sude306,36f64711-323e-44bc-8e79-d9e77db704ba,2.0,4.0,2.0,False,2025-10-10 16:35:23,sude306_36f64711-323e-44bc-8e79-d9e77db704ba.json,,,,,,,
220,sude306,4345d161-67b8-49bd-9bea-f7fce9822cc4,2.0,5.0,3.0,False,2025-10-10 16:48:56,sude306_4345d161-67b8-49bd-9bea-f7fce9822cc4.json,,,,,,,
221,sude306,1109b6f8-0a6b-4d24-ae36-b61813ecfd0c,5.0,5.0,5.0,False,2025-10-10 16:02:03,sude306_1109b6f8-0a6b-4d24-ae36-b61813ecfd0c.json,,,,,,,
222,sude306,0e220a17-e495-46b2-a794-a0b9e24c988c,3.0,5.0,2.0,False,2025-10-10 16:00:51,sude306_0e220a17-e495-46b2-a794-a0b9e24c988c.json,,,,,,,
223,sude306,4171adab-2b24-4ddc-8d39-0742dec69fa9,2.0,5.0,2.0,False,2025-10-10 16:44:19,sude306_4171adab-2b24-4ddc-8d39-0742dec69fa9.json,,,,,,,
224,sude306,16a314b5-8e7d-42dd-8c84-974c131aa118,3.0,5.0,4.0,False,2025-10-10 16:06:53,sude306_16a314b5-8e7d-42dd-8c84-974c131aa118.json,,,,,,,
225,sude306,0a0da638-5c88-4c0e-aca9-99c4b921aee1,4.0,5.0,3.0,False,2025-10-10 15:58:08,sude306_0a0da638-5c88-4c0e-aca9-99c4b921aee1.json,,,,,,,
226,sude306,04de2194-af84-4645-8152-75ed4df08d99,2.0,5.0,2.0,False,2025-10-10 15:54:28,sude306_04de2194-af84-4645-8152-75ed4df08d99.json,,,,,,,
227,sude306,41c759c9-030a-4b68-b1f1-4ffec0f0193c,3.0,6.0,3.0,False,2025-10-10 16:44:59,sude306_41c759c9-030a-4b68-b1f1-4ffec0f0193c.json,,,,,,,
228,sude306,48aa921e-ea54-44ba-bd99-be43f8c8f497,2.0,3.0,3.0,False,2025-10-10 16:54:28,sude306_48aa921e-ea54-44ba-bd99-be43f8c8f497.json,,,,,,,
229,sude306,2849d2e9-d790-40a8-a342-09719e901acb,2.0,5.0,4.0,False,2025-10-10 16:24:01,sude306_2849d2e9-d790-40a8-a342-09719e901acb.json,,,,,,,
230,sude306,0dc9e6e5-3068-4909-a5be-c40e6aff4561,4.0,4.0,4.0,False,2025-10-10 16:00:43,sude306_0dc9e6e5-3068-4909-a5be-c40e6aff4561.json,,,,,,,
231,sude306,1307d057-c3fd-4a95-9dd1-ea3b58bd508e,3.0,5.0,2.0,False,2025-10-10 16:04:38,sude306_1307d057-c3fd-4a95-9dd1-ea3b58bd508e.json,,,,,,,
232,sude306,2a9d0eab-879f-4ff3-a513-087e7973aaeb,2.0,5.0,2.0,False,2025-10-10 16:26:05,sude306_2a9d0eab-879f-4ff3-a513-087e7973aaeb.json,,,,,,,
233,sude306,445329ee-cdc8-44c8-a38d-e8897dff99b7,5.0,1.0,5.0,False,2025-10-10 16:49:25,sude306_445329ee-cdc8-44c8-a38d-e8897dff99b7.json,,,,,,,
